<?xml version="1.0" encoding="UTF-8"?>
<beans xmlns="http://www.springframework.org/schema/beans"
       xmlns:context="http://www.springframework.org/schema/context"
       xmlns:jpa="http://www.springframework.org/schema/data/jpa"
       xmlns:xsi="http://www.w3.org/2001/XMLSchema-instance"
       xsi:schemaLocation="
http://www.springframework.org/schema/beans
https://www.springframework.org/schema/beans/spring-beans.xsd
http://www.springframework.org/schema/context
https://www.springframework.org/schema/context/spring-context.xsd
http://www.springframework.org/schema/data/jpa
https://www.springframework.org/schema/data/jpa/spring-jpa.xsd
">
    <!-- 配置读取properties文件的工具类 -->
    <context:property-placeholder location="classpath:jdbc.properties"/>

    <bean id="dataSource" class="com.alibaba.druid.pool.DruidDataSource">
        <property name="driverClassName" value="${jdbc.driver}"/>
        <property name="url" value="${jdbc.url}"/>
        <property name="username" value="${jdbc.username}"/>
        <property name="password" value="${jdbc.password}"/>
    </bean>

    <!--2、配置一个JPA中非常重要的对象,entityManagerFactory entityManager类似于mybatis中的SqlSession entityManagerFactory类似于Mybatis中的SqlSessionFactory
 -->
    <bean id="entityManagerFactory" class="org.springframework.orm.jpa.LocalContainerEntityManagerFactoryBean">
        <property name="dataSource" ref="dataSource"/> <!--配置包扫描(pojo实体类所在的包)-->
        <property name="packagesToScan"
                  value="com.lagou.edu.pojo"/> <!--指定jpa的具体实现，也就是hibernate-->
        <property name="persistenceProvider">
            <bean
                    class="org.hibernate.jpa.HibernatePersistenceProvider"></bean>
        </property>
        <property name="jpaDialect">
            <bean class="org.springframework.orm.jpa.vendor.HibernateJpaDialect"></bean>
        </property>
        <property name="jpaVendorAdapter">
            <bean class="org.springframework.orm.jpa.vendor.HibernateJpaVendorAdapter">
                <property name="generateDdl" value="false"/>
                <property name="database" value="MYSQL"/>
                <property name="databasePlatform"
                          value="org.hibernate.dialect.MySQLDialect"/>
                <property name="showSql" value="true"/>
            </bean>
        </property>
    </bean>
    <jpa:repositories base-package="com.lagou.edu.dao" entity-manager-factory-ref="entityManagerFactory"
                      transaction-manager-ref="transactionManager"/>
    <bean id="transactionManager"
          class="org.springframework.orm.jpa.JpaTransactionManager">
        <property name="entityManagerFactory" ref="entityManagerFactory"/>
    </bean>
    <!--5、声明式事务配置--> <!--
        <tx:annotation-driven/>
    -->
    <!--6、配置spring包扫描-->
    <context:component-scan base-package="com.lagou.edu"/>

</beans>