<?xml version="1.0" encoding="UTF-8"?>
<beans xmlns="http://www.springframework.org/schema/beans"
       xmlns:context="http://www.springframework.org/schema/context"
       xmlns:mvc="http://www.springframework.org/schema/mvc"
       xmlns:xsi="http://www.w3.org/2001/XMLSchema-instance"
       xsi:schemaLocation="http://www.springframework.org/schema/beans
       http://www.springframework.org/schema/beans/spring-beans.xsd
       http://www.springframework.org/schema/context
       http://www.springframework.org/schema/context/spring-context.xsd
       http://www.springframework.org/schema/mvc
       http://www.springframework.org/schema/mvc/spring-mvc.xsd

">

    <!--扫描controller-->
    <context:component-scan base-package="com.lagou.edu.controller"/>

    <!--配置springmvc注解驱动，自动注册合适的组件handlerMapping和handlerAdapter-->
    <mvc:annotation-driven/>
    
    <mvc:interceptors>
        <mvc:interceptor>
            <mvc:mapping path="/**"/>
            <mvc:exclude-mapping path="/user/login"/>
            <bean class="com.lagou.edu.interceptor.LoginInterceptor"/>
        </mvc:interceptor>
    </mvc:interceptors>


</beans>